"name","height","weight","games","touchdowns","points","two_point_points","total_singles","fumbles","fumbles_lost","fumble_return_yards","fumble_touchdowns"
"Aaron_Crawford",6.04,250,6,0,0,0,0,1,0,0,0
"Aaron_Grymes",5.11,186,37,0,0,0,0,0,0,0,0
"Aaron_Hargreaves",6.04,233,2,0,0,0,0,0,0,0,0
"Aaron_Kelly",6.04,193,22,4,24,0,0,0,0,0,0
"Aaron _Lavarias",6.03,250,32,0,0,0,0,0,0,30,0
"Aaron_Maybin",6.04,237,2,0,0,0,0,0,0,0,0
"Aaron _Milton",6.03,215,1,0,0,0,0,0,0,0,0
"Aaron_Woods",5.06,181,13,0,0,0,0,1,1,0,0
"Abdul_Kanneh",5.1,185,7,0,0,0,0,0,0,0,0
"Abraham_Kromah",6,227,7,1,6,0,0,0,0,0,0
"A.C._Leonard",6.02,252,3,2,12,0,0,0,0,0,0
"Adam_Berger",6,207,17,0,0,0,0,0,0,0,0
"Adam _Bighill",5.1,230,41,1,6,0,0,0,0,90,1
"Adam _Konar",6.02,225,2,0,0,0,0,0,0,0,0
"Adam_Thibault",6,202,11,1,6,0,0,0,0,10,1
"Adam_Weber",6.03,210,2,0,0,0,0,0,0,0,0
"Adarius_Bowman",6.03,217,35,16,96,0,0,6,4,0,0
"Addison_Richards",6.04,212,1,0,0,0,0,0,0,0,0
"Adrian_Clarke",6.03,235,3,0,0,0,0,0,0,0,0
"Adrian_McPherson",6.03,220,3,0,0,0,0,0,0,0,0
"Adrian_Tracy",6.03,248,4,0,0,0,0,0,0,0,0
"AJ _Guyton",5.11,198,14,3,18,0,0,0,0,0,0
"A.J._Jefferson",6,190,5,1,6,0,0,0,0,0,0
"Akeem_Foster",6.04,222,7,0,0,0,0,1,1,0,0
"Akeem_Shavers",5.11,203,2,0,0,0,0,0,0,0,0
"Akeem_Whonder",5.1,225,2,0,0,0,0,0,0,0,0
"Akwasi_Antwi",6,254,12,0,0,0,0,0,0,0,0
"Akwasi_Owusu-Ansah",6.01,209,6,1,6,0,0,0,0,0,0
"Alan-Michael_Cash",6.02,292,33,0,0,0,0,0,0,0,0
"Albert_Presley",6.02,231,1,0,0,0,0,0,0,0,0
"Aldarius_Johnson",6.03,213,1,0,0,0,0,0,0,0,0
"Alexander_Krausnick",6.03,290,2,0,0,0,0,0,0,0,0
"Alexandre_Dupuis",6.03,243,9,0,0,0,0,0,0,0,0
"Alex_Anthony",6.02,205,2,0,0,0,0,0,0,0,0
"Alex_Bazzie",6.01,228,21,0,0,0,0,0,0,0,0
"Alex _Brink",6.03,222,5,0,0,0,0,2,1,0,0
"Alex_Carroll",5.11,195,1,1,6,0,0,0,0,0,0
"Alex _Charette",6.01,200,3,0,0,0,0,0,0,0,0
"Alex_Hall",6.05,260,26,0,0,0,0,0,0,4,0
"Alex_Hoffman-Ellis",6,230,6,0,0,0,0,0,0,15,0
"Alex_King",6.04,240,1,0,0,0,0,0,0,0,0
"Alex_Pierzchalski",6.05,220,8,1,6,0,0,1,0,0,0
"Alex_Suber",5.07,173,28,0,0,0,0,0,0,0,0
"Alex_Tillman",5.1,190,6,0,0,0,0,0,0,0,0
"Almondo_Sewell",6.04,288,37,0,0,0,0,1,0,0,0
"Alonzo_Lawrence",6,218,29,1,6,0,0,0,0,41,1
"Alric_Arnett",6.02,188,1,0,0,0,0,0,0,0,0
"Alvin_Bowen",6.02,225,13,0,0,0,0,0,0,0,0
"Ameet_Pall",6,245,4,0,0,0,0,0,0,0,0
"Andre_Caroll",6.02,287,1,0,0,0,0,0,0,0,0
"Andre_Douglas",6.05,300,1,0,0,0,0,0,0,0,0
"Andre_Durie",5.1,195,25,4,24,0,0,5,4,0,0
"Andre_Martin",5.11,195,2,0,0,0,0,0,0,0,0
"Andre_Monroe",5.11,285,1,0,0,0,0,0,0,0,0
"Andre_Ramsey",6.05,322,1,0,0,0,0,0,0,0,0
"Andre_Snipes-Booker",5.09,172,1,0,0,0,0,0,0,0,0
"Andrew_Buckley",6,201,1,0,0,0,0,0,0,0,0
"Andrew _Harris",5.11,213,38,21,126,0,0,11,5,0,0
"Andrew_Lue",6.02,210,16,0,0,0,0,0,0,0,0
"Andrew_Marshall",6.03,240,17,0,0,0,0,0,0,0,0
"Andrew_Muzljakovich",5.11,212,1,0,3,0,1,0,0,0,0
"Andy_Fantuz",6.04,220,37,9,56,1,0,1,1,0,0
"Antareis_Bryan",6.02,193,4,0,0,0,0,0,0,0,0
"Anthony_Alix",5.11,189,7,0,10,0,0,0,0,0,0
"Anthony _Allen",6.01,220,23,10,62,1,0,7,6,0,0
"Anthony_Barrett",5.09,180,2,0,0,0,0,0,0,0,0
"Anthony_Calvillo",6.01,213,9,0,0,0,0,2,2,0,0
"Anthony_Coady",5.1,190,2,0,0,0,0,0,0,0,0
"Anthony _Coombs",5.09,199,13,0,2,1,0,0,0,0,0
"Anthony_Degrate",6.02,237,2,0,0,0,0,0,0,0,0
"Anthony_Fera",6.02,207,2,0,6,0,0,0,0,0,0
"Anthony_Heygood",6.01,225,1,0,0,0,0,0,0,0,0
"Anthony_Parker",6.02,217,36,6,36,0,0,4,3,0,0
"Anthony_Santella",6.02,190,2,0,10,0,1,0,0,0,0
"Anthony_Watkins",6.01,217,1,0,0,0,0,0,0,0,0
"Anthony_Woodson",6,215,19,0,0,0,0,0,0,0,0
"Antoine_Pruneau",6,200,26,0,0,0,0,0,0,0,0
"Antonio _Coleman",6.01,254,8,0,0,0,0,0,0,0,0
"Antonio_Fenelus",5.09,190,1,0,0,0,0,0,0,0,0
"Antonio_Leak",6.02,258,1,0,0,0,0,0,0,0,0
"Anton_McKenzie",5.1,235,15,0,0,0,0,0,0,0,0
"Antwaun_Molden",6.01,198,6,1,6,0,0,0,0,0,0
"Anwar_Stewart",6.04,255,3,0,0,0,0,0,0,0,0
"Arland_Bruce",5.11,194,20,6,36,0,0,1,1,0,0
"Arnaud _Gascon-Nadon",6.03,250,19,0,0,0,0,0,0,0,0
"Arthur_Hobbs",5.1,195,16,0,0,0,0,0,0,4,0
"Aston_Whiteside",6.02,234,14,0,0,0,0,0,0,17,0
"Austin _Collie",6,204,5,2,14,1,0,0,0,0,0
"Auston_English",6.03,250,4,0,0,0,0,0,0,0,0
"Bakari_Grant",6.04,195,48,7,44,1,0,2,2,0,0
"Bear_Woods",6,245,26,0,0,0,0,0,0,0,0
"Beau_Landry",5.11,201,15,0,0,0,0,0,0,0,0
"Ben_Archibald",6.04,322,1,0,0,0,0,0,0,0,0
"Ben_D'Aguilar",6.02,236,17,0,0,0,0,0,0,0,0
"Ben _Heenan",6.04,310,3,0,0,0,0,0,0,0,0
"Ben_Wells",6,194,3,0,0,0,0,0,0,0,0
"Bert_Brown",5.09,176,2,0,0,0,0,0,0,0,0
"Billy_Parker",6,195,45,0,0,0,0,0,0,0,0
"Billy_Pavlopoulos",6.02,210,1,0,0,0,0,0,0,0,0
"Blair _Smith",6.02,230,2,0,0,0,0,0,0,0,0
"Bo_Adebayo",6.04,268,7,0,0,0,0,0,0,0,0
"Bo_Bowling",5.09,183,7,1,6,0,0,2,2,0,0
"Bo Levi_Mitchell",6.02,196,41,7,42,0,0,14,8,0,0
"Bo_Lokombo",6.02,233,5,0,0,0,0,0,0,0,0
"Boris_Bede",6.04,225,6,0,44,0,2,1,1,0,0
"Bo_Smith",6,185,1,0,0,0,0,0,0,0,0
"Brad_Erdos",6.03,299,2,0,0,0,0,0,0,0,0
"Bradley_Randle",5.07,190,2,0,0,0,0,0,0,0,0
"Brad_Sinopoli",6.04,215,33,4,24,0,0,3,2,0,0
"Branden_Smith",5.1,166,22,1,6,0,0,2,2,0,0
"Brander_Craighead",6.07,300,3,0,0,0,0,0,0,0,0
"Brandon_Banks",5.07,153,30,14,84,0,0,3,3,0,0
"Brandon_Boudreaux",6.01,240,18,0,0,0,0,0,0,0,0
"Brandon _Bridge",6.05,235,5,0,0,0,0,1,0,0,0
"Brandon_Denson",5.11,230,1,0,0,0,0,0,0,0,0
"Brandon_Driver",6,185,1,0,0,0,0,0,0,0,0
"Brandon_Isaac",6.03,203,26,0,0,0,0,0,0,0,0
"Brandon _Jordan",6.05,255,16,0,0,0,0,0,0,0,0
"Brandon_Kinnie",6.03,224,2,0,0,0,0,0,0,0,0
"Brandon_Lang",6.04,257,22,0,0,0,0,0,0,0,0
"Brandon_London",6.04,210,32,4,24,0,0,1,0,0,0
"Brandon_McDonald",5.104,185,11,0,0,0,0,0,0,0,0
"Brandon_McRae",6.04,205,1,0,0,0,0,0,0,0,0
"Brandon_Rutley",5.11,192,8,2,12,0,0,0,0,0,0
"Brandon_Sermons",5.11,195,2,0,0,0,0,0,0,0,0
"Brandon_Smith",5.1,186,47,0,0,0,0,0,0,0,0
"Brandon_Stewart",6.01,203,45,3,18,0,0,0,0,0,1
"Brandon_Tennant",6.02,305,1,0,0,0,0,0,0,0,0
"Brandon_Thurmond",6.02,260,2,0,0,0,0,0,0,0,0
"Brandon_Underwood",6.02,187,13,0,0,0,0,0,0,8,0
"Brandon_Whitaker",5.1,200,25,6,36,0,0,5,4,0,0
"Brandyn_Thompson",5.1,188,23,0,0,0,0,0,0,0,0
"Brendan_Bigelow",5.1,180,1,0,0,0,0,0,0,0,0
"Brendan_Dunn",6.07,300,1,0,0,0,0,0,0,0,0
"Brendan _Gillanders",5.11,211,11,0,0,0,0,0,0,0,0
"Brendan_Morgan",6,192,2,0,0,0,0,0,0,0,0
"Brendon_LaBatte",6.04,304,2,0,0,0,0,0,0,0,0
"Brett_Cameron",6.01,197,2,0,3,0,0,0,0,0,0
"Brett_Carter",6,200,7,0,0,0,0,0,0,0,0
"Brett_Jones",6.02,318,2,0,0,0,0,0,0,0,0
"Brett_Lauther",6.01,195,7,0,39,0,4,0,0,0,0
"Brett_Maher",6,186,21,0,133,0,11,1,1,0,0
"Brett_Smith",6.03,206,7,4,24,0,0,0,0,0,0
"Brett_Swain",6,200,17,5,30,0,0,0,0,0,0
"Brian_Brikowski",6.04,265,9,0,0,0,0,0,0,0,0
"Brian_Brohm",6.03,232,13,2,12,0,0,2,2,0,0
"Brian_Bulcke",6.04,281,24,0,0,0,0,0,0,0,0
"Brian_Peters",6.03,218,35,1,6,0,0,1,0,0,0
"Brian_Ramsay",6.08,312,1,0,0,0,0,1,1,0,0
"Brian_Rolle",5.1,241,4,0,0,0,0,0,0,0,0
"Brian_Simmons",6.05,310,7,0,0,0,0,0,0,0,0
"Brock_Jensen",6.03,225,1,0,0,0,0,0,0,0,0
"Brody_McKnight",6,204,2,0,8,0,0,0,0,0,0
"Bruce_Johnson",5.1,176,22,0,0,0,0,0,0,3,0
"Bryan_Burnham",6.02,195,8,2,12,0,0,0,0,0,0
"Bryan_Hall",6.01,295,22,0,0,0,0,0,0,0,0
"Bryan_Payton",6.02,210,2,0,0,0,0,0,0,0,0
"Bryant_Mitchell",6.02,182,2,0,0,0,0,0,0,0,0
"Bryant_Moniz",6,200,7,4,24,0,0,1,1,0,0
"Bryant_Turner Jr.",6.02,266,27,0,0,0,0,0,0,0,0
"Bryan_Williams",5.11,198,4,0,0,0,0,0,0,0,0
"Bryn_Roy",6.01,225,8,0,0,0,0,0,0,0,0
"Buck_Pierce",6.01,195,12,1,6,0,0,1,1,0,0
"Buddy_Jackson",6.01,189,21,0,0,0,0,0,0,0,0
"Burke_Dales",6.03,225,2,0,2,0,2,1,0,0,0
"Byron_Archambault",6,245,4,0,0,0,0,0,0,0,0
"Byron_Parker",6,220,13,0,0,0,0,0,0,0,0
"Caesar_Rayford",6.07,285,1,0,0,0,0,0,0,0,0
"Calvin_McCarty",5.1,215,42,4,24,0,0,0,0,0,0
"Cameron_Chism",5.1,190,3,0,0,0,0,0,0,0,0
"Cameron_Marshall",5.11,211,7,5,34,2,0,0,0,0,0
"Cameron_Morrah",6.03,250,2,0,0,0,0,0,0,0,0
"Cameron_Sheffield",6.02,250,10,0,0,0,0,0,0,0,0
"Carl_Fitzgerald",6.05,253,13,0,0,0,0,1,0,0,0
"Carl-Olivier_Primé",6.01,255,12,1,6,0,0,0,0,49,1
"Carlos_Anderson",5.08,180,2,1,6,0,0,0,0,0,0
"Carlos_Thomas",5.11,195,14,1,6,0,0,0,0,0,0
"Carlton_Mitchell",6.04,212,11,0,0,0,0,1,1,0,0
"Carl_Volny",5.1,210,16,0,0,0,0,1,0,0,0
"Cary_Koch",6,198,20,6,36,0,0,2,2,0,0
"Casey_Chin",5.1,215,10,0,0,0,0,0,0,0,0
"Casey_Pachall",6.05,230,2,0,0,0,0,1,1,0,0
"Cauchy_Muamba",5.11,195,28,0,0,0,0,0,0,0,0
"Cedric_McKinley",6.06,300,6,0,0,0,0,0,0,0,0
"Chad_Faulcon",6,190,1,0,0,0,0,0,0,0,0
"Chad_Johnson",6.01,188,5,1,6,0,0,0,0,0,0
"Chad_Kackert",5.08,206,9,4,24,0,0,1,1,0,0
"Chad_Kilgore",6.01,230,10,0,0,0,0,0,0,0,0
"Chad_Owens",5.08,180,32,13,80,1,0,5,5,0,0
"Chad_Rempel",6.03,225,11,0,0,0,0,0,0,2,0
"Chad_Simpson",5.09,205,14,6,36,0,0,4,3,0,0
"Chandler _Jones ",5.08,180,2,0,0,0,0,1,0,0,0
"Charleston_Hughes",6.01,250,37,0,0,0,0,0,0,0,0
"Charlie_Power",6.03,239,6,0,2,1,0,0,0,0,0
"Chase_Baker",6.02,300,1,0,0,0,0,0,0,0,0
"Chase_Clement",6.01,222,2,0,0,0,0,1,1,0,0
"Chaz_Schilens",6.04,220,4,0,0,0,0,0,0,0,0
"Chevon_Walker",5.1,201,27,10,60,0,0,1,1,0,0
"Chika_Madu",5.09,178,1,0,0,0,0,0,0,0,0
"Chip_Cox",5.09,185,48,2,12,0,0,0,0,59,1
"Chris _Ackie",6.02,205,1,0,0,0,0,0,0,0,0
"Chris_Amrhein",6.03,221,1,0,0,0,0,0,0,0,0
"Chris_Baker ",6.03,251,2,0,0,0,0,0,0,0,0
"Chris_Best",6.05,301,3,0,0,0,0,0,0,0,0
"Chris_Clady",6.03,260,2,0,0,0,0,0,0,0,0
"Chris_Cvetkovic",6.02,241,1,0,0,0,0,0,0,0,0
"Chris_Garrett",5.07,195,5,2,12,0,0,2,2,0,0
"Chris_Getzlaf",6.01,208,42,12,74,1,0,2,1,0,0
"Chris_Greaves",6.05,309,4,0,0,0,0,0,0,0,0
"Chris_Hart",6.02,220,1,0,0,0,0,1,0,0,0
"Chris_Jennings",5.1,218,3,2,12,0,0,0,0,0,0
"Chris_Kowalczuk",6.05,303,1,0,0,0,0,0,0,0,0
"Chris_Matthews",6.05,227,6,1,6,0,0,0,0,0,0
"Chris_McCoy",6.03,261,3,0,0,0,0,0,0,0,0
"Chris_Milo",5.11,205,47,0,383,0,9,0,0,0,0
"Chris_Normand",6.02,239,2,0,0,0,0,0,0,0,0
"Chris_Olson",6.04,240,2,0,0,0,0,0,0,0,0
"Chris_Rainey",5.08,190,8,2,12,0,0,0,0,0,0
"Chris_Randle",5.11,193,42,2,12,0,0,0,0,0,0
"Chris_Rwabukamba",5.11,192,28,0,0,0,0,0,0,0,0
"Chris_Smith",5.1,195,7,0,0,0,0,0,0,0,0
"Chris_Thompson",6,200,17,0,0,0,0,1,1,63,0
"Christopher _Johnson",5.11,220,2,0,0,0,0,0,0,0,0
"Christopher_Lyle",6.03,260,1,0,0,0,0,0,0,0,0
"Chris_Van Zeyl",6.06,312,5,0,0,0,0,0,0,0,0
"Chris_Williams",5.09,155,6,1,6,0,0,1,1,0,0
"Chris_Wilson",6.04,240,8,0,0,0,0,0,0,0,0
"Ciante_Evans",5.11,190,2,0,0,0,0,0,0,0,0
"C.J._Gable",6.01,215,29,19,114,0,0,4,2,0,0
"C.J._Tarver",5.08,160,1,0,0,0,0,0,0,0,0
"C.J._Washington",5.08,160,1,0,0,0,0,0,0,0,0
"Clarence_Denmark",5.1,189,43,8,48,0,0,1,1,0,0
"Cleyon_Laing",6.03,280,25,0,0,0,0,0,0,0,0
"Cliff _Louis",6.08,315,1,0,0,0,0,0,0,0,0
"Clifton_Smith",5.08,190,3,1,6,0,0,0,0,0,0
"Clint _Kent",5.09,201,1,0,0,0,0,0,0,0,0
"Cody_Acker",6.01,220,1,0,0,0,0,0,0,0,0
"Cody _Hoffman",6.04,210,4,1,6,0,0,0,0,0,0
"Cody_Husband",6.07,307,1,0,0,0,0,0,0,0,0
"Cody_Thornton",5.1,165,1,0,0,0,0,0,0,0,0
"Colin_Kelly",6.05,298,1,0,0,0,0,0,0,0,0
"Collin_Klein",6.05,226,1,0,0,0,0,0,0,0,0
"Connor_Williams",6.03,278,6,0,0,0,0,0,0,0,0
"Corbin_Sharun",6,220,20,0,0,0,0,0,0,0,0
"Cordarro_Law",6.02,262,17,0,0,0,0,0,0,0,0
"Cord_Parks",5.11,180,46,2,12,0,0,0,0,53,1
"Corey_Mace",6.03,286,14,0,0,0,0,0,0,10,0
"Corey_Robinson",6.01,205,1,0,0,0,0,0,0,0,0
"Corey _Watman",6.02,294,3,0,0,0,0,0,0,0,0
"Corvey_Irvin",6.02,295,4,0,0,0,0,0,0,0,0
"Cory_Greenwood",6.02,237,8,0,0,0,0,0,0,0,0
"Cory_Henry",6.03,238,1,0,0,0,0,0,0,0,0
"Cory_Huclack",6,215,8,0,0,0,0,2,0,0,0
"Cory_Mitchell",6.02,195,1,0,0,0,0,0,0,0,0
"Cory_Watson",6.03,211,28,4,24,0,0,1,1,0,0
"Courtney_Greene",6,215,1,0,0,0,0,0,0,0,0
"Courtney_Stephen",6,194,35,0,0,0,0,0,0,31,0
"Courtney_Taylor",6.01,205,33,8,50,1,0,3,1,0,0
"Craig_Butler",6.02,196,47,0,0,0,0,0,0,0,0
"Craig_Marshall",6.04,290,7,0,0,0,0,0,0,0,0
"Craig_Roh",6.05,265,5,0,0,0,0,0,0,0,0
"Craig_Wilkins",6.01,252,2,0,0,0,0,0,0,0,0
"Curtis_Dublanko",6,220,5,0,0,0,0,0,0,0,0
"Curtis_McNeal",5.07,190,1,0,0,0,0,0,0,0,0
"Curtis_Steele",5.11,189,29,10,60,0,0,5,2,0,0
"Curtis_Taylor",6.02,210,1,0,0,0,0,0,0,0,0
"Dahrran_Diedrick",6,222,6,0,0,0,0,0,0,0,0
"Daivon_Dumas",6.01,178,2,0,0,0,0,0,0,0,0
"Damaso_Munoz ",5.11,219,30,0,0,0,0,0,0,6,0
"Damian_Ford",6.03,192,1,0,0,0,0,0,0,0,0
"Damien_Jackson",6.02,215,1,0,0,0,0,0,0,0,0
"Damien_Thigpen",5.08,180,1,0,0,0,0,0,0,0,0
"Damone_Blackman",5.11,170,1,0,0,0,0,0,0,0,0
"Damon_McDaniel",6,208,1,0,0,0,0,0,0,0,0
"Dan _Buckner",6.04,215,1,0,0,0,0,0,0,0,0
"Dan_Clark",6.02,310,6,2,12,0,0,0,0,0,0
"Dan_DePalma",5.11,192,3,1,6,0,0,0,0,0,0
"Dan_Federkeil",6.07,306,2,0,0,0,0,0,0,0,0
"Daniel_Ross",6.05,305,2,0,0,0,0,0,0,0,0
"Daniel_Sheffield",6.04,210,1,0,0,0,0,0,0,0,0
"Dan_LeFevour",6.03,230,28,14,84,0,0,3,1,0,0
"Dan_Molls",6,238,2,0,0,0,0,0,0,0,0
"Danny_O'Brien",6.03,220,15,0,0,0,0,1,0,0,0
"Dante_Marsh",5.1,190,34,1,6,0,0,0,0,2,0
"D'Anthony_Batiste",6.04,314,2,0,0,0,0,0,0,0,0
"Dan_West",6.02,205,22,0,0,0,0,0,0,0,0
"Da'Rel_Scott",5.11,211,1,0,0,0,0,0,0,0,0
"Darian_Durant",5.11,214,36,2,12,0,0,14,7,0,0
"Darrin_Kitchens",6.02,229,5,0,0,0,0,0,0,0,0
"Darvin_Adams",6.02,185,18,4,24,0,0,3,3,0,0
"Darwin_Cook",5.1,202,1,0,0,0,0,0,0,0,0
"Daryl_Stephenson",6.02,228,8,0,0,0,0,0,0,0,0
"Daryl_Townsend",6.01,198,25,0,0,0,0,0,0,0,0
"Daryl_Waud",6.05,290,4,0,0,0,0,0,0,0,0
"Daunte_Akra",6.02,227,1,0,0,0,0,0,0,0,0
"Dave_Stala",6.02,198,18,0,2,0,2,0,0,0,0
"David_Caldwell",5.11,212,7,0,0,0,0,0,0,0,0
"David _Clowney",6,188,1,0,0,0,0,0,0,0,0
"David _Hinds",6.02,234,5,0,0,0,0,0,0,0,0
"David_James",6,188,2,0,0,0,0,0,0,0,0
"David _Lee",6.04,259,24,1,6,0,0,0,0,13,1
"David_Menard",6.01,265,15,0,0,0,0,0,0,0,0
"Dawud_Lane",6.02,226,1,0,0,0,0,0,0,0,0
"DeAngelo_Smith",5.11,197,1,0,0,0,0,0,0,0,0
"Deante_Purvis",5.11,185,1,0,0,0,0,0,0,0,0
"Deantre_Harlan",6.04,288,2,0,0,0,0,0,0,0,0
"Dean_Valli",6.05,300,3,0,0,0,0,0,0,0,0
"DeDe _Dorsey",5.11,210,1,1,6,0,0,0,0,0,0
"Dee_Webb",5.11,200,11,1,6,0,0,0,0,0,0
"Deion_Belue",5.11,183,2,0,0,0,0,0,0,0,0
"Dekota_Marshall",6.01,196,1,0,0,0,0,0,0,0,0
"Delano_Johnson",6.05,283,15,0,0,0,0,0,0,0,0
"Delbert _Alvarado",6,198,11,0,71,0,1,1,0,0,0
"Delvin_Breaux",6.01,196,32,1,6,0,0,0,0,0,0
"DeMarco_Sampson",6.02,204,1,0,0,0,0,1,0,0,0
"Demetrice_Morley",6,195,8,0,0,0,0,0,0,0,0
"Demetrius_Wright",6.01,199,2,0,0,0,0,0,0,0,0
"Demond_Washington",5.09,180,42,3,18,0,0,3,3,39,1
"Demonte'_Bolden",6.05,285,22,0,0,0,0,0,0,10,0
"Denarius_Appling",5.07,155,2,0,0,0,0,0,0,0,0
"Denicos_Allen",5.11,220,1,0,0,0,0,0,0,0,0
"Denton_Kolodzinski",6.01,220,1,0,0,0,0,0,0,0,0
"Deon_Anthony",5.11,214,1,0,0,0,0,0,0,0,0
"Deon_Lacey",6.02,229,27,0,0,0,0,0,0,1,0
"DeQuin_Evans",6.03,264,12,0,0,0,0,0,0,0,0
"Derek_Jones",6.01,192,13,0,0,0,0,0,0,0,0
"Derek_Walker",6.04,271,21,0,0,0,0,0,0,0,0
"Derek_Wiggan",6.01,250,3,0,0,0,0,0,0,0,0
"Derel_Walker",6.02,185,2,1,6,0,0,0,0,0,0
"Deron_Mayo",5.11,225,47,0,0,0,0,0,0,0,0
"Derrell_Johnson",6.02,255,5,0,0,0,0,0,0,0,0
"Derrick_Joseph",5.08,145,1,0,0,0,0,0,0,0,0
"Derrick_Morgan",5.11,210,1,0,0,0,0,1,0,0,0
"Derrius_Brooks",5.1,195,12,0,0,0,0,0,0,0,0
"Desia_Dunn",5.09,194,35,1,6,0,0,0,0,70,1
"Devin_Smith",5.1,193,6,0,0,0,0,0,0,0,0
"Devin_Tyler",6.07,320,2,0,0,0,0,0,0,0,0
"Devin_Wilson",6.02,205,1,0,0,0,0,0,0,0,0
"Devon_Bailey",6.05,202,15,0,0,0,0,1,1,0,0
"Dexter_Davis",6.01666666666667,234.333333333333,4,0,0,0,0,0,0,0,0
"Dexter_Janke",6,220,1,0,0,0,0,0,0,0,0
"Dexter_McCoil",6.04,222,28,3,18,0,0,0,0,79,1
"Diamond_Ferri",5.1,204,21,0,0,0,0,0,0,0,0
"Diontae_Spencer",5.08,163,2,1,6,0,0,2,1,0,0
"D.L._Moore",6.05,198,4,0,0,0,0,0,0,0,0
"Dobson_Collins",6.02,185,18,2,12,0,0,0,0,0,0
"Dominic_Alford",6.03,320,1,0,0,0,0,0,0,0,0
"Dominic_Picard",6.02,302,1,0,0,0,0,0,0,0,0
"Dominic_Rhodes",5.09,205,1,0,0,0,0,0,0,0,0
"Dominique_Davis",6.03,210,1,0,0,0,0,0,0,0,0
"Dominique_Ellis",5.11,195,16,0,0,0,0,0,0,0,0
"Dominique _Franks",6,200,2,0,0,0,0,0,0,0,0
"Donald_Washington",6,198,8,0,0,0,0,0,0,0,0
"Donavon _Kemp",6.01,200,2,1,6,0,0,0,0,0,0
"Don_Oramasionwu",6.02,290,22,0,0,0,0,0,0,0,0
"Donovan_Alexander",6,182,16,0,0,0,0,0,0,0,0
"Donovan_Richard",6,220,8,0,0,0,0,0,0,0,0
"Donovan_Robinson",6.03,250,2,0,0,0,0,0,0,0,0
"Dontay_Moch",6.03,236,2,0,0,0,0,0,0,0,0
"Dontrelle_Inman",6.03,204,14,6,36,0,0,1,1,0,0
"Don_Unamba",6.01,212,19,1,6,0,0,0,0,1,1
"Doug_Pierce",6.05,211,4,0,0,0,0,0,0,0,0
"Drew_Tate",6,191,39,17,102,0,0,4,3,0,0
"Drew_Willy",6.04,221,41,2,12,0,0,6,5,0,0
"Duron_Carter",6.05,205,33,15,90,0,0,4,3,0,0
"Dwight_Anderson",5.11,188,28,0,0,0,0,0,0,0,0
"Dylan_Ainsworth",6.03,242,20,0,0,0,0,0,0,0,0
"Eddie_Elder",5.1,186,10,0,0,0,0,0,0,0,0
"Eddie _Russ",6,185,5,0,0,0,0,0,0,0,0
"Eddie_Steele",6.02,280,31,0,0,0,0,0,0,0,0
"Ed_Gainey",5.11,195,34,1,6,0,0,0,0,71,1
"Ed_Gant",6.03,200,3,1,6,0,0,0,0,0,0
"Edmon_McClam",6.06,280,1,0,0,0,0,0,0,0,0
"Ejiro_Kuale",6.02,229,17,0,0,0,0,0,0,0,0
"Elie_Ngoyi",6.02,255,13,0,0,0,0,0,0,0,0
"Elvis_Akpla",6.01,191,2,0,0,0,0,0,0,0,0
"Emanuel_Davis",5.11,182,33,1,6,0,0,0,0,0,0
"Emmanuel_Arceneaux",6.02,211,40,16,96,0,0,3,1,0,0
"Eric_Black",6.01,180,3,0,0,0,0,0,0,0,0
"Eric_Deslauriers",6.04,206,27,0,0,0,0,0,0,0,0
"Eric_Foster",6.02,265,1,0,0,0,0,0,0,0,0
"Eric_Fraser",6.01,202,30,0,0,0,0,0,0,0,0
"Eric_Harper",6.03,238,2,0,0,0,0,0,0,0,0
"Eric_McCree",6.03,208,2,0,0,0,0,0,0,0,0
"Eric_Norwood",6.01,252,37,0,0,0,0,0,0,0,0
"Eric_O'Neal",0,200,1,0,0,0,0,1,0,0,0
"Eric_Page",5.1,180,1,0,0,0,0,0,0,0,0
"Eric_Rogers",6.03,210,10,8,50,1,0,0,0,0,0
"Eric _Samuels",6.01,200,29,0,0,0,0,1,1,0,0
"Eric_Taylor",6.02,309,35,0,0,0,0,0,0,19,0
"Eric_Thomas",6.01,225,1,0,0,0,0,0,0,0,0
"Erik_Harris",6.03,225,34,1,6,0,0,0,0,48,0
"Ernest _Jackson",6.02,220,24,7,42,0,0,2,1,0,0
"Eron_Riley",6.03,205,9,1,6,0,0,0,0,0,0
"Errol_Brooks",5.08,175,1,0,0,0,0,0,0,0,0
"Ese_Mrabure-Ajufo",6.02,250,2,0,0,0,0,0,0,0,0
"Etauj_Allen",5.09,185,1,1,6,0,0,2,1,0,0
"Etienne_Legare",6.03,275,3,0,0,0,0,0,0,0,0
"Ettore _Lattanzio",6,252,1,0,0,0,0,0,0,0,0
"Euclid_Cummings",6.03,281,4,0,0,0,0,0,0,0,0
"Evan _McCollough",5.11,196,21,0,0,0,0,0,0,4,0
"Eze_Obiora",6.03,240,1,0,0,0,0,0,0,0,0
"Ezra_Millington",6,195,1,0,0,0,0,0,0,0,0
"Forrest_Hightower",5.1,186,2,0,0,0,0,0,0,0,0
"Frank_Beltre",6.02,240,8,0,0,0,0,0,0,0,0
"Fred_Bennett",6.01,192,44,0,0,0,0,1,1,42,0
"Freddie_Bishop III",6.04,265,19,0,0,0,0,0,0,0,0
"Freddie_Harris",6.02,233,6,0,0,0,0,0,0,0,0
"Frédéric_Plesius",6.01,240,31,0,0,0,0,0,0,0,0
"Fred_Gaines",5.11,202,2,0,0,0,0,0,0,0,0
"Fred_Rouse",0,200,1,0,0,0,0,0,0,0,0
"Fred_Stamps",6,188,35,14,84,0,0,3,2,0,0
"Gabriel_Knapton",6.03,263,21,0,0,0,0,0,0,-2,0
"Garrett_Waggoner",6,220,3,0,0,0,0,0,0,0,0
"Garry_Williams",6.03,315,1,0,0,0,0,0,0,0,0
"Geoff_Tisdale",5.11,195,41,2,12,0,0,0,0,47,1
"Gerald_Riggs Jr.",5.11,216,2,1,6,0,0,0,0,0,0
"Gerard_Lawson",5.1,195,1,0,0,0,0,0,0,0,0
"Geroy_Simon",6,198,18,5,30,0,0,1,1,0,0
"Giovanni_Aprile",6.03,220,1,0,0,0,0,0,0,0,0
"Glenn_January",6.06,299,2,0,0,0,0,0,0,0,0
"Glenn_Love",6.04,225,22,0,0,0,0,0,0,0,0
"Gord_Hinse",6.04,307,1,0,0,0,0,1,0,0,0
"Graig_Newman",6.01,214,25,1,6,0,0,0,0,0,0
"Grant_Shaw",6.03,225,36,0,255,0,21,2,2,0,0
"Greg_Carr",6.06,214,6,1,6,0,0,0,0,0,0
"Greg_Ellingson",6.03,197,32,10,62,1,0,1,1,0,0
"Greg_Hardin",5.11,175,2,1,6,0,0,0,0,0,0
"Greg_McCoy",5.09,187,2,0,0,0,0,0,0,0,0
"Greg _McGhee",6.03,208,2,0,0,0,0,0,0,0,0
"Gregory_Alexandre",6.02,277,13,0,0,0,0,0,0,0,0
"Gregory_Jones",6,238,19,0,0,0,0,0,0,0,0
"Greg_Peach",6.03,250,27,0,0,0,0,0,0,0,0
"Greg_Romeus",6.05,267,3,0,0,0,0,0,0,0,0
"Greg_Wilson",6.02,205,2,1,6,0,0,1,0,0,0
"Greg_Wojt",6.04,300,1,0,0,0,0,0,0,0,0
"Guillaume_Bourassa",5.11,200,2,0,0,0,0,0,0,0,0
"Harold_Mutobola",6.01,190,3,1,6,0,0,0,0,0,0
"Hasan_Hazime",6.05,260,25,0,0,0,0,0,0,0,0
"Henoc_Muamba",6,230,18,0,0,0,0,0,0,0,0
"Henry_Burris",6.01,190,49,4,26,1,0,18,6,0,0
"Henry_Josey",5.09,186,5,0,0,0,0,1,0,0,0
"Herve_Tonye-Tonye",5.11,234,15,0,0,0,0,0,0,0,0
"Hilee_Taylor",6.02,250,7,0,0,0,0,0,0,0,0
"Hugh_Charles",5.08,193,22,6,36,0,0,3,3,0,0
"Hugh _O'Neill",6.02,185,34,0,221,0,19,2,1,0,0
"Hugo_Lopez",6.03,215,6,0,0,0,0,0,0,0,0
"Ian_Wild",6,208,33,1,6,0,0,2,0,54,1
"Isaac_Anderson",5.1,173,4,0,2,1,0,0,0,0,0
"Isaac_Dell",6.01,218,1,0,0,0,0,0,0,0,0
"Isaiah_Sweeney",5.1,180,6,2,12,0,0,0,0,0,0
"Isaiah_Williams",6.03,200,2,0,0,0,0,0,0,0,0
"Isi_Sofele",5.08,200,4,0,0,0,0,1,0,0,0
"Ivan_Brown",6.02,240,25,0,0,0,0,0,0,0,0
"Jabari_Arthur",6.04,223,23,5,31,0,1,1,1,0,0
"Jabar_Westerman",6.02,285,29,0,0,0,0,0,0,0,0
"Jabin_Sambrano",5.11,175,1,0,0,0,0,0,0,0,0
"Jacob_Lacey",5.11,176,1,0,0,0,0,0,0,0,0
"Jacory_Harris",6.04,205,3,2,12,0,0,0,0,0,0
"Jacques_Washington",6.01,220,5,0,0,0,0,0,0,0,0
"Jade_Etienne",6.04,188,9,2,12,0,0,1,0,0,0
"Jake_Doughty",6,234,6,0,0,0,0,0,0,0,0
"Jake_Harty",6.02,210,1,0,0,0,0,0,0,0,0
"Jake_Olson",6.08,315,1,0,0,0,0,0,0,0,0
"Jake_Reinhart",6,228,9,0,0,0,0,0,0,0,0
"Jake _Thomas",6.02,274,22,0,0,0,0,0,0,0,0
"Jalil_Carter",6.01,205,31,0,0,0,0,0,0,-1,0
"Jalil_Johnson",5.1,182,1,0,0,0,0,0,0,0,0
"Jamaal_Westerman",6.03,249,4,0,0,0,0,0,0,0,0
"Jamaan _Webb",6.01,210,4,0,0,0,0,0,0,0,0
"Jamahl_Knowles",5.1,185,8,0,0,0,0,0,0,0,0
"Jamall_Johnson",6.01,222,33,0,0,0,0,0,0,0,0
"Jamal_Miles",5.09,188,15,1,6,0,0,3,2,0,0
"Jamar_Howard",6.04,215,1,0,0,0,0,0,0,0,0
"Jamarkus_McFarland",6.02,305,2,0,7,0,0,0,0,0,0
"Jamar_Wall",5.1,196,42,2,12,0,0,0,0,62,1
"Jamel_Richardson",6.03,215,13,0,0,0,0,1,0,0,0
"James_Franklin",6.02,225,4,2,12,0,0,0,0,0,0
"James_Green",5.11,217,24,0,0,0,0,0,0,0,0
"Ja-Mes_Logan",6.03,190,1,0,0,0,0,0,0,0,0
"James_Patrick",5.11,188,3,0,0,0,0,0,0,0,0
"James_Rodgers",5.07,185,12,3,18,0,0,1,1,0,0
"James_Rogers",6,188,6,0,0,0,0,0,0,0,0
"James_Tuck",6,230,8,0,0,0,0,0,0,0,0
"James_Yurichuk",6.02,240,31,0,0,0,0,0,0,0,0
"Jameze_Massey",5.07,168,1,0,0,0,0,0,0,0,0
"Jamie_Robinson",6.02,192,29,1,6,0,0,0,0,10,0
"Jamill_Smith",5.06,155,18,1,6,0,0,0,0,0,0
"Janzen_Jackson",6,187,5,0,0,0,0,1,0,16,0
"Jarred_Fayson",6,219,4,0,0,0,0,1,1,0,0
"Jarriel_King",6.06,298,6,0,0,0,0,0,0,0,0
"Jarvis_Jones",6.07,302,2,0,0,0,0,0,0,0,0
"Jason_Arakgi",6.02,205,36,0,0,0,0,0,0,0,0
"Jason _Barnes",6.04,215,1,0,0,0,0,0,0,0,0
"Jason_Barnes",6.03,187,28,12,72,0,0,4,4,0,0
"Jason_Boltus",6.04,225,9,3,18,0,0,3,2,0,0
"Jason_Pottinger",6.02,238,29,0,0,0,0,0,0,0,0
"Jason_Vega",6.04,257,11,0,0,0,0,0,0,0,0
"Jasper_Collins",5.1,185,1,1,6,0,0,0,0,0,0
"Jasper_Simmons",6.01,223,22,0,0,0,0,0,0,0,0
"Jaymar_Johnson",6,180,2,0,0,0,0,0,0,0,0
"JC_Sherritt",5.09,218,31,0,0,0,0,0,0,1,0
"JD_Falslev",5.08,175,1,0,0,0,0,0,0,0,0
"J.D._Griggs",6.05,262,2,0,0,0,0,0,0,0,0
"Jean-Christophe_Beaulieu",6.03,220,10,1,6,0,0,0,0,0,0
"Jean-Samuel_Blanc",6.01,245,2,0,0,0,0,0,0,0,0
"Jefferson_Court",6.03,238,1,0,0,0,0,0,0,0,0
"Jeff_Fuller",6.04,217,18,6,36,0,0,1,1,0,0
"Jeff_Hecht",5.1,214,33,0,0,0,0,0,0,0,0
"Jeff_Johnson",5.1,216,5,0,0,0,0,0,0,0,0
"Jeff_Keeping",6.06,295,4,0,0,0,0,1,0,0,0
"Jeff_Knox Jr.",6.02,225,7,0,0,0,0,0,0,0,0
"Jeff_Mathews",6.04,224,5,2,12,0,0,0,0,0,0
"Jeff_Perrett",6.07,320,2,0,0,0,0,0,0,0,0
"Jeffrey_Finley",6.3,260,5,0,0,0,0,0,0,0,0
"Jeff_Richards",6.02,200,1,0,0,0,0,0,0,0,0
"Jemarlous_Moten",5.11,175,1,0,0,0,0,0,0,0,0
"Jeraill_McCuller",6.07,325,1,0,0,0,0,0,0,0,0
"Jerald_Brown",5.11,185,46,2,12,0,0,0,0,85,2
"Jeremiah_Green",6.02,235,6,0,0,0,0,0,0,0,0
"Jeremiah_Johnson",5.09333333333333,207.5,17,6,38,1,0,4,2,0,0
"Jeremiah_Masoli",5.1,221,10,1,6,0,0,5,3,0,0
"Jeremy_Lewis",6.03,312,1,0,0,0,0,0,0,0,0
"Jeremy_McGee",5.1,185,3,0,0,0,0,0,0,0,0
"Jeremy_Williams",6,204,2,0,0,0,0,0,0,0,0
"Jerett_Sanderson",6,193,1,0,0,0,0,0,0,0,0
"Jerious_Norwood",5.11,205,7,1,6,0,0,0,0,0,0
"Jermaine_Gabriel",5.1,199,42,1,6,0,0,0,0,0,1
"Jermaine_McElveen",6.04,265,19,0,0,0,0,0,0,0,0
"Jermaine_Reid",6.04,263,6,0,0,0,0,0,0,0,0
"Jermaine_Robinson",6.03,205,11,0,0,0,0,0,0,0,0
"Jermaine_Thomas",5.11,196,2,0,0,0,0,0,0,0,0
"Jerod_Zaleski",6.04,241,9,0,0,0,0,1,0,0,0
"Jerome_Messam",6.03,245,34,4,26,1,0,3,3,0,0
"Jerrell_Gavins",0,178,21,0,0,0,0,0,0,0,0
"Jesse_Briggs",6.01,210,13,0,0,0,0,0,0,0,0
"Jesse_Joseph",6.03,262,1,0,0,0,0,0,0,0,0
"Jestin_Love",6,207,2,0,0,0,0,0,0,0,0
"Jhomo_Gordon",6.01,195,2,0,0,0,0,1,0,0,0
"J'Micheal_Deane",6.05,328,5,0,0,0,0,0,0,0,0
"Joash_Gesse",5.11,221,13,0,0,0,0,0,0,0,0
"Jock_Sanders",5.07,191,36,4,24,0,0,8,6,0,0
"Joe_Burnett",5.1,192,28,0,0,0,0,1,0,0,0
"Joe_Eppele",6.08,301,3,0,0,0,0,0,0,0,0
"Joel_Figueroa",6.06,320,3,0,0,0,0,0,0,0,0
"Joe_West",6.01,202,22,5,30,0,0,0,0,0,0
"Joey_Elliott",6.03,209,2,0,0,0,0,0,0,0,0
"Johnathan_Bryant",5.09,177,2,2,12,0,0,1,1,0,0
"John_Beck",6.02,215,15,3,18,0,0,0,0,0,0
"John_Bowman",6.03,250,41,0,0,0,0,0,0,12,0
"John_Chick",6.04,250,45,0,0,0,0,0,0,0,0
"John_Chiles",6.01,209,22,9,58,2,0,3,2,0,0
"John_Delahunt",6.03,243,24,2,12,0,0,0,0,0,0
"John _Hardy-Tuliau",6,185,2,0,0,0,0,0,0,0,0
"John_Mark",6,185,2,0,1,0,0,0,0,0,0
"Johnnie_Dixon",5.11,190,1,0,0,0,0,0,0,0,0
"Johnny _Adams",5.11,190,6,1,6,0,0,0,0,0,0
"Johnny_Sears Jr.",6.01,193,18,1,6,0,0,0,0,18,0
"John_Ojo",6.03,205,6,1,6,0,0,0,0,0,0
"John_Stevenson",5.11,197,2,0,0,0,0,0,0,0,0
"John_White",5.08,186,29,7,42,0,0,4,2,0,0
"Jonathan _Beaulieu-Richard",6.01,215,10,0,0,0,0,0,0,5,0
"Jonathan_Crompton",6.04,225,27,1,6,0,0,8,2,0,0
"Jonathan_Hefney",5.09,189,13,0,0,0,0,0,0,36,0
"Jonathan_Hood",6,195,15,0,0,0,0,0,0,0,0
"Jonathan_Langa",5.11,214,4,0,0,0,0,0,0,0,0
"Jonathan_Williams",6.01625,255,33,5,30,0,0,1,0,0,0
"Jonathon_Jennings",6,195,3,0,0,0,0,1,1,0,0
"Jon_Cornish",6,219,40,25,154,2,0,6,4,0,0
"Jon_Gott",6.03,297,6,0,0,0,0,3,0,0,0
"Jordan_Lynch",6,216,6,2,12,0,0,0,0,0,0
"Jordan_Matechuk",5.1,254,10,0,0,0,0,0,0,0,0
"Jordan_Reaves",6.05,220,2,0,0,0,0,0,0,0,0
"Jordan_Sisco",6,212,3,0,0,0,0,0,0,0,0
"Jordan _Verdone",5.11,235,14,0,0,0,0,0,0,0,0
"Jorgen_Hus",6.01,230,2,0,0,0,0,1,0,0,0
"Josh_Bartel",6.03,200,38,0,8,0,8,3,2,0,0
"Josh_Bourke",6.07,300,3,0,0,0,0,0,0,0,0
"Josh_Gatlin",6.01,199,3,0,0,0,0,0,0,0,0
"Josh_Jasper",5.11,171,2,0,14,0,0,0,0,0,0
"Josh_Johnson",5.1,200,24,1,6,0,0,0,0,0,0
"Josh_Neiswander",6.02,211,10,0,0,0,0,2,0,0,0
"Josh_Portis",6.04,205,3,0,0,0,0,0,0,0,0
"Joshua_Bell",6,174,46,0,0,0,0,0,0,8,0
"Jovan_Olafioye",6.06,325,4,0,0,0,0,0,0,0,0
"Jovon_Johnson",5.09,189,40,1,6,0,0,5,4,48,1
"J.R._LaRose",6,210,34,0,0,0,0,0,0,0,0
"JT_Gilmore",6.03,276,6,0,0,0,0,0,0,0,0
"Juaquin_Iglesias",6.01,212,5,1,6,0,0,0,0,0,0
"Julian_Feoli-Gudino",6,211,22,3,18,0,0,1,1,0,0
"Julian_Posey",5.11,187,2,0,0,0,0,0,0,0,0
"Julius_Williams",6.02,265,1,0,0,0,0,0,0,0,0
"Junior_Mertile",5.11,193,1,0,0,0,0,0,0,0,0
"Junior_Turner",6.03,281,32,0,0,0,0,0,0,0,0
"Justin _Capicciotti",6.03,235,36,0,0,0,0,0,0,0,0
"Justin_Cudworth",5.11,227,2,0,0,0,0,0,0,0,0
"Justin_Goltz",6.05,217,15,8,50,1,0,6,4,0,0
"Justin _Hickman",6.02,265,12,0,0,0,0,0,0,0,0
"Justin_Hilton",6.03,190,2,0,0,0,0,0,0,0,0
"Justin_Medlock",6,208,28,0,295,0,15,0,0,0,0
"Justin _Palardy",5.11,200,10,0,49,0,2,0,0,0,0
"Justin_Phillips",6.03,236,16,0,0,0,0,0,0,0,0
"Justin _Sorensen",6.08,311,6,0,0,0,0,5,2,0,0
"Justin _Veltung",5.11,178,5,0,0,0,0,0,0,0,0
"Juwan_Simpson",6.03,234,47,0,0,0,0,0,0,0,0
"Kalonji_Kashama",6.04,259,3,0,0,0,0,0,0,0,0
"Kamar_Jorden",6.03,205,2,1,6,0,0,0,0,0,0
"Karl_McCartney",6,233,31,0,0,0,0,0,0,0,0
"Kashawn _Fraser",6.03,258,10,0,0,0,0,0,0,0,0
"Kashif_Moore",5.09,183,1,0,0,0,0,1,1,0,0
"Keenan _MacDougall",6.02,216,17,1,6,0,0,0,0,7,1
"Keith_Reynolds",6,206,3,0,0,0,0,0,0,0,0
"Keith_Shologan",6.02,290,35,0,0,0,0,0,0,0,0
"Keith_Toston",5.11,214,5,0,0,0,0,2,1,0,0
"Kendial_Lawrence",5.09,195,22,9,54,0,0,3,2,0,0
"Kendric_Burney",5.09,190,2,0,0,0,0,0,0,0,0
"Kenny_Horsley",6.06,295,2,0,0,0,0,0,0,0,0
"Kenny_Ingram",6.05,238,1,0,0,0,0,0,0,0,0
"Kenny_Mainor",6.03,243,16,0,0,0,0,0,0,0,0
"Kenny_Shaw",6,171,2,0,0,0,0,0,0,0,0
"Kenny_Stafford",6.03,204,21,5,30,0,0,1,0,0,0
"Kenny_Tate",6.04,220,2,0,0,0,0,0,0,0,0
"Keola_Antolin",5.07,196,5,2,12,0,0,0,0,0,0
"Keon_Raymond",5.1,198,39,2,12,0,0,1,0,0,0
"Keron_Williams",6.01,260,17,0,0,0,0,0,0,0,0
"Kerry_Joseph",6.2,210,17,5,30,0,0,8,1,0,0
"Kevin_Barnes",6,187,1,0,0,0,0,0,0,0,0
"Kevin_Bradfield",6.01,190,3,0,0,0,0,0,0,0,0
"Kevin_Dixon",6.02,242,1,0,0,0,0,0,0,0,0
"Kevin_Elliott",6.03,213,6,3,20,1,0,0,0,0,0
"Kevin_Glenn",5.1,203,44,1,6,0,0,8,3,0,0
"Kevin_Huntley",6.08,305,3,0,0,0,0,0,0,0,0
"Kevin_Malcolm",5.11,230,2,0,0,0,0,0,0,0,0
"Kevin_Régimbald",6.01,225,14,0,0,0,0,0,0,0,0
"Kevin_Scott",6.03,232,21,0,0,0,0,2,0,0,0
"Keynan _Parker",6,183,29,0,0,0,0,0,0,0,0
"Khalif_Mitchell",6.06,315,26,0,0,0,0,0,0,0,0
"Khalil_Bass",6.02,221,5,0,0,0,0,0,0,1,0
"Khalil_Paden",6.02,180,14,3,18,0,0,0,0,0,0
"Khreem_Smith",6.03,270,39,0,0,0,0,0,0,0,0
"Kiante_Tripp",6.05,277,8,1,6,0,0,0,0,0,0
"Kienan_Lafrance",5.1,210,2,0,0,0,0,0,0,0,0
"Kierrie _Johnson",5.05,163,6,0,0,0,0,1,0,0,0
"Kirby _Fabien",6.06,295,3,0,0,0,0,0,0,0,0
"Kito_Poblah",6.02,209,12,1,6,0,0,0,0,0,0
"KJ_Stroud",6.03,205,2,0,0,0,0,0,0,0,0
"Korey_Banks",5.11,199,19,0,0,0,0,0,0,8,0
"Korey_Jones",6.02,233,10,0,0,0,0,0,0,0,0
"Korey_Lindsey",5.08,194,1,0,0,0,0,0,0,0,0
"Korey_Williams",6,185,19,6,36,0,0,0,0,0,0
"Kory_Sheets",5.11,208,20,17,104,1,0,2,2,0,0
"Kris_Bastien",6.03,210,4,0,0,0,0,0,0,0,0
"Kristian_Matte",6.04,296,7,0,0,0,0,0,0,0,0
"Kurt_Adams",6.05,191,1,0,0,0,0,0,0,0,0
"Kwame_Adjei",6.01,205,2,0,0,0,0,0,0,0,0
"Kyle_Graves",6.03,220,2,1,6,0,0,0,0,0,0
"Kyle_Jones",6.02,209,16,0,0,0,0,1,0,0,0
"Kyle_Miller",5.1,190,4,0,0,0,0,1,0,0,0
"Kyle_Norris",6.03,235,7,0,0,0,0,0,0,0,0
"Kyler_Elsworth",6.01,225,4,0,0,0,0,0,0,0,0
"Kyle_Tyo",6.05,225,1,0,0,0,0,0,0,0,0
"Kyries_Hebert",6.03,222,33,0,0,0,0,0,0,0,0
"LaMarcus_Coker",6,190,2,1,6,0,0,4,3,0,0
"LaMark_Brown",6.03,220,1,0,0,0,0,0,0,0,0
"Lance_Milton",5.11,175,1,0,0,0,0,0,0,0,0
"Landon_Rice",6.06,315,1,0,0,0,0,0,0,0,0
"Lanear_Sampson",5.11,205,1,0,0,0,0,0,0,0,0
"Larry_King",6.01,210,1,0,0,0,0,0,0,0,0
"Larry_Parker",0,170,1,0,0,0,0,0,0,0,0
"Larry_Taylor",5.06,181,25,0,0,0,0,2,1,0,0
"Lavasier_Tuinei",6.05,220,3,2,12,0,0,0,0,0,0
"LaVon_Brazill",5.11,191,7,1,6,0,0,3,3,0,0
"Lemar_Durant",6.02,231,4,0,0,0,0,0,0,0,0
"LeQuan_Lewis",5.11,190,1,0,0,0,0,0,0,0,0
"Levi_Brown",6.04,225,1,0,0,0,0,0,0,0,0
"Levi_Steinhauer",6.03,235,19,0,0,0,0,0,0,0,0
"Levy_Adcock",6.06,320,2,0,0,0,0,0,0,0,0
"Lindsey_Lamar",5.09,180,8,4,24,0,0,5,3,0,0
"Lindsey_Witten",6.05,250,2,0,0,0,0,0,0,0,0
"Lin-J_Shell",6,201,39,0,0,0,0,0,0,0,0
"Lirim_Hajrullahu",5.11,205,27,0,200,0,12,4,3,0,0
"Logan_Harrell",6.02,280,13,0,0,0,0,0,0,0,0
"Logan_Kilgore",6.02,208,1,0,0,0,0,0,0,0,0
"Lorenzo_White",6,185,1,0,0,0,0,0,0,0,0
"Louie_Richardson",6.04,236,17,0,0,0,0,0,0,4,0
"Louis_Nzegwu ",6.04,260,1,0,0,0,0,0,0,0,0
"Luca_Congi",5.1,190,17,0,167,0,3,1,1,0,0
"Luc_Brodeur-Jourdain",0,309,4,0,0,0,0,0,0,0,0
"Luke_Tasker",5.11,191,26,8,48,0,0,2,1,0,0
"Lyle _Leong Jr.",6.01,185,2,0,0,0,0,0,0,0,0
"Lyle_McCombs",5.08,175,2,0,2,1,0,0,0,0,0
"Maalik_Bomar",6.01,226,3,0,0,0,0,0,0,0,0
"Macho_Harris",6,200,34,0,0,0,0,0,0,0,0
"MacKenzie_Sarro",6.4,245,1,0,0,0,0,0,0,0,0
"Major_Culbert",5.11,208,5,0,0,0,0,0,0,0,0
"Malik_Jackson",6.02,225,7,0,0,0,0,0,0,0,0
"Marc-Antoine_Fortin",6.04,245,4,0,0,0,0,1,0,0,0
"Marc_Beswick",6.01,198,30,2,12,0,0,0,0,0,1
"Marc_Dile",6.04,300,2,0,0,0,0,0,0,0,0
"Marcellus_Bowman",6.03,228,14,0,0,0,0,0,0,0,0
"Marcell_Young",6,190,40,1,6,0,0,0,0,65,1
"Marco_Iannuzzi",6.01,195,32,2,12,0,0,1,0,0,0
"Marc-Olivier_Brouillette",6.01,222,38,1,6,0,0,0,0,0,1
"Marc_Parenteau",6.05,302,1,0,0,0,0,0,0,0,0
"Marcus_Ball",6.01,209,17,1,6,0,0,0,0,16,0
"Marcus_Henry",6.05,224,33,4,24,0,0,0,0,0,0
"Marcus_Howard",6.01,245,24,0,0,0,0,0,0,2,0
"Marcus_Hyde",6.03,248,1,0,0,0,0,0,0,0,0
"Marcus_Thomas",6.03,316,2,0,0,0,0,0,0,0,0
"Mardy_Gilyard",6,194,3,0,0,0,0,2,0,0,0
"Mario_Fannin",5.11,226,2,0,0,0,0,0,0,0,0
"Mario_Urrutia",6.06,238,2,0,0,0,0,0,0,0,0
"Mark_Dell",6.02,195,1,0,0,0,0,1,1,0,0
"Markeith_Knowlton",6,205,6,0,0,0,0,0,0,0,0
"Markell_Carter",6.04,245,1,0,0,0,0,0,0,0,0
"Mark_LeGree",6,211,12,0,0,0,0,0,0,0,0
"Markus_White",6.04,264,4,0,0,0,0,0,0,0,0
"Marlon_Smith",6.06,240,11,0,0,0,0,0,0,0,0
"Marquay _McDaniel",6,206,41,14,92,4,0,4,2,0,0
"Marquis_Frazier",6.04,276,4,0,0,0,0,0,0,0,0
"Marrio_Norman",6,200,2,0,0,0,0,0,0,0,0
"Marshay _Green",5.1,183,16,1,6,0,0,1,1,-5,0
"Martell_Mallett",6,208,3,0,0,0,0,1,1,0,0
"Martel _Moore",6,183,1,0,0,0,0,0,0,0,0
"Marte_Sears",6.05,220,1,0,0,0,0,0,0,0,0
"Martez_Wilson",6.04,242,1,0,0,0,0,0,0,0,0
"Martin_Bédard",6.03,239,9,0,0,0,0,0,0,0,0
"Martin_Pesek",6.03,250,1,0,0,0,0,0,0,0,0
"Martin_Wright",6.03,246,2,0,0,0,0,0,0,0,0
"Marty_Markett",5.09,173,17,0,0,0,0,0,0,0,0
"Marvin_Booker",6.02,239,5,0,0,0,0,0,0,0,0
"Marwan_Hage",6.02,291,2,0,0,0,0,2,2,0,0
"Mathieu_Boulay",6.02,250,8,0,0,0,0,0,0,0,0
"Matt _Acree",6.03,295,2,0,0,0,0,0,0,0,0
"Matt_Black",5.09,192,27,1,6,0,0,0,0,0,0
"Matt_Bucknor",5.11,185,30,0,0,0,0,0,0,0,0
"Matt_Carter",6.02,199,25,3,18,0,0,1,1,0,0
"Matt_Cleveland",6.04,308,1,0,0,0,0,0,0,0,0
"Matt_Coates",6.03,197,7,1,6,0,0,0,0,0,0
"Matthew _Norman",6.03,317,4,0,0,0,0,2,1,0,0
"Matthew_O'Donnell",6.11,350,5,0,0,0,0,0,0,0,0
"Matthew_Rea",6.01,242,1,0,0,0,0,0,0,0,0
"Matthew_Ware",6.03,228,10,0,0,0,0,0,0,0,0
"Matthias_Goossen",6.04,304,1,0,0,0,0,1,1,0,0
"Matt_McGarva",5.11,199,4,0,0,0,0,0,0,0,0
"Matt_Nichols",6.02,215,18,2,12,0,0,5,2,0,0
"Matt_Pierce",5.1,195,2,0,0,0,0,0,0,0,0
"Matt_Walter",5.1,217,37,2,14,1,0,2,2,0,0
"Matt_Webster",5.11,195,10,0,0,0,0,0,0,0,0
"Maurice _Leggett",5.11,193,19,1,6,0,0,1,1,3,0
"Maurice_Mann",6.02,192,5,1,6,0,0,0,0,0,0
"Maurice_Price",6.01,206,33,10,60,0,0,4,2,0,0
"Max_Hall",6.01,200,14,0,0,0,0,3,3,0,0
"Maxx_Forde",6.05,272,1,0,0,0,0,0,0,0,0
"Melvin_Abankwah",5.09,190,2,0,0,0,0,0,0,0,0
"Micah_Johnson",6.02,276,16,0,0,0,0,0,0,0,0
"Michael_Atkinson",6,312,5,0,0,0,0,0,0,0,0
"Michael_Brooks",6.03,275,5,0,0,0,0,0,0,0,0
"Michael_Campbell",6.02,205,4,1,6,0,0,0,0,0,0
"Michael_Carter",5.1,181,15,0,0,0,0,0,0,0,0
"Michael_Coe",6.01,190,4,0,0,0,0,0,0,0,0
"Michael_Hayes",0,200,3,0,0,0,0,0,0,0,0
"Michael _Klassen",6.05,275,26,0,0,0,0,0,0,0,0
"Michael_McAdoo",6.07,245,1,0,0,0,0,0,0,0,0
"Michael _Ola",6.03,278,4,0,0,0,0,0,0,0,0
"Michael Ray_Garvin",5.08,198,2,0,0,0,0,0,0,0,0
"Michael_Ricks",6.02,203,2,0,0,0,0,0,0,0,0
"Michel-Pierre_Pontbriand",6.02,230,23,0,0,0,0,1,1,0,0
"Mike_Benson",5.1,238,6,0,0,0,0,0,0,0,0
"Mike_Bradwell",6.03,197,21,3,18,0,0,0,0,0,0
"Mike_Cornell",6.02,225,17,0,0,0,0,0,0,0,0
"Mike_Daly",6.01,182,14,0,0,0,0,0,0,0,0
"Mike_Dubuisson",6.03,220,9,0,0,0,0,1,1,0,0
"Mike_Edem",6.01,200,33,0,0,0,0,0,0,0,0
"Mike_Filer",6.02,300,4,0,0,0,0,4,0,0,0
"Mike _Lockley",6.02,250,2,0,0,0,0,0,0,0,0
"Mike_McCullough",6.02,222,10,0,0,0,0,0,0,0,0
"Mike_Miller",6,210,30,0,0,0,0,0,0,0,0
"Mike_Montoya",5.09,236,1,0,0,0,0,0,0,0,0
"Mike_Reilly",6.03,230,41,9,56,1,0,10,4,0,0
"Mike_Renaud",6.02,214,24,0,13,0,13,2,1,0,0
"Mike_Sims-Walker",6.02,214,1,0,0,0,0,0,0,0,0
"Mike_Willie",6.02,220,2,0,0,0,0,0,0,0,0
"Mikhaïl _Davidson",5.08,175,1,0,2,1,0,0,0,0,0
"Mister_Alexander",6.02,182,4,0,0,0,0,0,0,0,0
"Mitchell_Gale",6.02,240,21,3,18,0,0,2,0,0,0
"Mitchell_White",5.11,185,17,0,0,0,0,0,0,0,0
"Monte_Lewis",6.03,241,2,0,0,0,0,0,0,0,0
"Mortty_Ivy",6.01,239,1,0,0,0,0,0,0,0,0
"Mossis_Madu",6,197,17,1,6,0,0,4,4,0,0
"Moton_Hopkins",6.02,277,23,0,0,0,0,0,0,4,0
"Myron_Lewis ",6.02,203,2,0,0,0,0,0,0,0,0
"Naaman_Roosevelt",6.01,195,2,0,0,0,0,0,0,0,0
"Nate _Bussey",6.02,220,7,0,0,0,0,0,0,0,0
"Nate_Coehoorn",6.02,210,44,3,18,0,0,0,0,0,0
"Nate _Collins",6.02,294,3,0,0,0,0,0,0,0,0
"Natey_Adjei",5.1,193,9,1,6,0,0,1,1,0,0
"Nathan_Kanya",6.02,234,18,0,0,0,0,0,0,0,0
"Neal_Hughes",5.1,208,15,0,0,0,0,0,0,0,0
"Nehemie_Kankolongo",5.11,205,5,0,0,0,0,0,0,0,0
"Neiko_Thorpe",6.02,185,3,0,0,0,0,0,0,5,0
"Neil_King",6,195,24,0,0,0,0,0,0,0,0
"Nekos_Brown",6.01,253,3,0,0,0,0,0,0,0,0
"Nic_Demski",6,215,4,0,0,0,0,0,0,0,0
"Nic _Grigsby",5.11,195,22,12,72,0,0,5,1,0,0
"Nicholas _Shortill",6.02,223,5,0,0,0,0,0,0,0,0
"Nicholas_Williams",6.02,217,3,0,0,0,0,0,0,0,0
"Nick_Brassell",6.02,172,2,0,0,0,0,0,0,0,0
"Nick_Moore",6.02,201,34,9,56,1,0,4,3,0,0
"Nick_Rosamonda",6.01,212,9,0,0,0,0,0,0,0,0
"Nicolas_Boulay",6,220,30,0,0,0,0,0,0,10,0
"Nigel_Romick",6.05,248,6,0,0,0,0,0,0,0,0
"Nik_Lewis",5.1,240,28,4,24,0,0,2,1,0,0
"Noel_Devine",5.08,180,9,0,0,0,0,6,5,0,0
"Noel_Prefontaine",6,210,9,0,81,0,9,2,2,0,0
"Nolan_MacMillan",6.06,294,2,0,0,0,0,0,0,0,0
"Odell_Willis",6.02,255,38,1,6,0,0,0,0,8,0
"Onrea_Jones",6,202,18,4,24,0,0,0,0,0,0
"Orhian_Johnson",6.03,210,5,0,0,0,0,0,0,0,0
"Otha_Foster",6.02,204,22,1,6,0,0,0,0,57,1
"Ouslet_Volcy",5.09,175,2,0,0,0,0,1,1,0,0
"Padric_Scott",6,309,2,0,0,0,0,0,0,0,0
"PaiPai_Falemalu",6.03,245,1,0,0,0,0,0,0,0,0
"Paris_Cotton",5.08,193,19,6,36,0,0,4,4,0,0
"Paris_Jackson",6.03,215,16,1,6,0,0,0,0,0,0
"Pascal_Lochard",6,215,13,0,0,0,0,0,0,0,0
"Patrick_Hall",6,185,1,0,0,0,0,0,0,0,0
"Patrick_Kabongo",6.06,360,1,0,0,0,0,0,0,0,0
"Patrick _Lavoie",6.02,240,24,0,0,0,0,2,1,0,0
"Patrick_Neufeld",6.06,312,1,0,0,0,0,0,0,0,0
"Patrick_Robertson",6.02,200,4,0,0,0,0,0,0,0,0
"Patrick_Watkins",6.05,205,41,1,6,0,0,1,0,55,1
"Pat_White",6,205,18,4,24,0,0,0,0,0,0
"Paul_McCallum",5.11,185,40,0,354,0,13,0,0,0,0
"Paul_Swiston",6.09,334,1,0,0,0,0,0,0,0,0
"Paul_Woldu",6,170,30,0,0,0,0,0,0,0,0
"Pawel _Kruba",5.11,210,1,0,0,0,0,0,0,0,0
"Peter_Dyakowski",6.05,325,1,0,0,0,0,0,0,0,0
"Philippe_Dubuisson-Lebon",6.02,221,5,0,0,0,0,0,0,0,0
"Phillip_Livas",5.07,180,2,0,0,0,0,1,1,0,0
"Pierre-Luc_Labbé",6.02,230,15,0,0,0,0,0,0,0,0
"Preston_Cleckley",5.08,170,2,0,0,0,0,0,0,0,0
"Prince_Miller",5.09,207,16,0,0,0,0,1,0,0,0
"Quincy_Butler",6.01,189,6,0,0,0,0,0,0,0,0
"Quincy_Hurst",5.08,152,1,0,0,0,0,0,0,0,0
"Quincy_McDuffie",5.1,178,3,2,12,0,0,0,0,0,0
"Quinn_Everett",6.03,292,1,0,0,0,0,0,0,0,0
"Quinn_Porter",5.11,298,7,0,0,0,0,0,0,0,0
"Quinn_Sharp",6.01,205,1,0,6,0,2,0,0,0,0
"Quinn_Smith",6.02,300,13,0,0,0,0,0,0,0,0
"Quinten_Lawrence",6,184,1,0,0,0,0,0,0,0,0
"Quintin_McCree",6.01,195,2,0,0,0,0,0,0,0,0
"Quinton_Porter",6.05,228,2,0,0,0,0,1,0,0,0
"Rakeem_Cato",6,178,5,0,0,0,0,0,0,0,0
"Ramzee_Robinson",5.1,190,1,0,0,0,0,0,0,0,0
"Randy_Chevrier",6.02,251,10,0,0,0,0,0,0,0,0
"Ray_Early",5.11,220,7,0,9,0,2,0,0,0,0
"Raye_Hartmann",6.02,188,2,0,0,0,0,0,0,0,0
"Ray _Holley",5.09,200,5,2,12,0,0,0,0,0,0
"Raymond_Brown",6.03,206,8,1,6,0,0,0,0,0,0
"Reggie_Jones",6,195,5,0,0,0,0,0,0,0,0
"Reggie_Williams",6.04,233,2,1,6,0,0,0,0,0,0
"Renauld_Williams",6,238,11,1,6,0,0,0,0,0,0
"Rene_Paredes",5.11,197,50,0,464,0,8,1,1,0,0
"Rene_Stephan",6.02,221,6,0,0,0,0,0,0,0,0
"Rennie_Curran",5.11,230,38,1,6,0,0,0,0,0,0
"Reshard_Langford",6.01,213,2,0,0,0,0,0,0,0,0
"Ricardo_Colclough",5.11,194,12,0,0,0,0,1,1,0,0
"Richard _Sumlin",6.02,270,2,0,0,0,0,0,0,0,0
"Richie_Leone",6.03,215,4,0,41,0,4,0,0,0,0
"Rickey_Galvin",5.08,175,1,0,0,0,0,0,0,0,0
"Ricky_Foley",6.03,243,43,0,0,0,0,0,0,21,0
"Ricky_Ray",6.03,214,30,3,18,0,0,8,5,0,0
"Ricky_Schmitt",6.03,213,41,0,20,0,17,0,0,0,0
"Rico_Murray",5.11,200,36,1,6,0,0,0,0,0,0
"Rico_Wallace",6.03,215,2,0,0,0,0,1,1,0,0
"Rob_Bagg",6,192,44,10,62,1,0,3,0,0,0
"Rob_Cote",6.01,225,34,3,18,0,0,1,1,0,0
"Robert_Gill",5.1,180,6,0,0,0,0,1,1,0,0
"Robert_Godhigh",5.07,190,2,0,0,0,0,0,0,0,0
"Robert_Holland",6.02,180,1,0,0,0,0,0,0,0,0
"Robert_Marve",6.02,210,19,5,30,0,0,0,0,0,0
"Robert_McCune",6.01,235,16,0,0,0,0,0,0,0,0
"Robert_Sands",6.04,212,2,0,0,0,0,0,0,0,0
"Robin_Medeiros",6,195,1,0,0,0,0,0,0,0,0
"Rob_Lohr",6.04,290,1,0,0,0,0,0,0,0,0
"Rob_Maver",6,201,50,0,19,0,19,3,3,0,0
"Rodney_Lamar",6.01,225,1,0,0,0,0,0,0,0,0
"Rod_Williams",5.11,180,23,1,6,0,0,0,0,95,0
"Rolly_Lumbala",6.02,238,30,1,6,0,0,0,0,0,0
"Romby_Bryant",6.02,195,14,3,18,0,0,1,1,0,0
"Romeo_Pellum",5.1,184,2,0,0,0,0,0,0,0,0
"Ronnie_Pfeffer",5.11,185,3,0,28,0,1,0,0,0,0
"Ronnie_Yell",5.1,185,23,2,12,0,0,0,0,0,0
"Rory_Connop",6.05,282,3,0,0,0,0,0,0,0,0
"Rory_Kohlert",6.02,213,30,6,36,0,0,1,0,0,0
"Royce_Adams",6,190,2,0,0,0,0,0,0,0,0
"Ryan_Bomben",6.04,305,6,0,0,0,0,0,0,0,0
"Ryan_Hinds",6.01,198,24,0,0,0,0,0,0,0,0
"Ryan_King",5.11,218,19,0,0,0,0,0,0,0,0
"Ryan_Lacy",5.09,186,1,0,0,0,0,0,0,0,0
"Ryan_Lucas",6.05,290,3,0,0,0,0,0,0,0,0
"Ryan_Perrilloux",6.03,204,2,0,0,0,0,0,0,0,0
"Ryan_Phillips",5.1,195,40,0,0,0,0,0,0,0,0
"Ryan _Smith",5.07,175,13,2,12,0,0,1,0,0,0
"Ryan_Steed",5.11,190,2,0,0,0,0,0,0,0,0
"Ryan_Wellman",6.06,235,4,0,0,0,0,0,0,0,0
"Ryan_White",6.04,290,2,0,0,0,0,0,0,0,0
"Sam_Hurl",6.01,231,28,0,0,0,0,0,0,34,0
"Sammy_Brown",6.02,240,1,0,0,0,0,0,0,0,0
"Sam_Scott",6.05,245,15,0,0,0,0,0,0,0,0
"Samuel_Fournier",6,230,1,0,0,0,0,0,0,0,0
"Samuel_Giguere",6,215,36,4,24,0,0,0,0,0,0
"Sandro_DeAngelis",5.08,195,12,0,79,0,2,0,0,0,0
"Scooter_Berry",6.02,285,4,0,0,0,0,0,0,0,0
"Scott_Macdonell",6.05,220,6,1,6,0,0,0,0,0,0
"Scott_McHenry",6.02,217,16,2,12,0,0,2,2,0,0
"Scott_Paxson",6.04,292,13,0,0,0,0,0,0,0,0
"Sean_Whyte",5.09,175,45,0,382,0,27,4,2,0,0
"Sederrik_Cunningham",5.11,199,16,3,18,0,0,1,0,0,0
"Selvish_Capers",6.05,308,3,0,0,0,0,0,0,0,0
"Seth_Doege",6.01,197,8,0,0,0,0,1,0,0,0
"Seth_Williams",5.11,185,5,0,0,0,0,0,0,0,0
"Seydou Junior_Haidara",6.01,215,27,1,6,0,0,0,0,0,0
"Shakir_Bell",5.08,185,4,0,0,0,0,3,1,0,0
"Shamawd_Chambers",6.03,219,24,5,32,1,0,0,0,0,0
"Shane_Bergman",6.07,330,3,0,0,0,0,1,0,0,0
"Shane_Herbert",6.02,192,9,0,0,0,0,0,0,2,0
"Shane_Horton",6.01,215,30,0,0,0,0,0,0,4,0
"Shannon_Boatman",6.06,325,1,0,0,0,0,0,0,0,0
"Shaquille_Murray-Lawrence",5.08,193,5,0,0,0,0,2,0,0,0
"Shaquille _Richardson",6.01,190,2,0,0,0,0,0,0,0,0
"Shawn_Gore",6,198,43,13,78,0,0,0,0,0,0
"Shawn_Lemon",6.02,251,29,0,0,0,0,0,0,0,0
"Shea_Emry",6,228,39,0,0,0,0,0,0,37,0
"Shea_Pierre",5.1,189,1,0,0,0,0,0,0,0,0
"Shomari_Williams",6.01,232,15,0,0,0,0,0,0,0,0
"Simeon_Rottier",6.06,295,3,0,0,0,0,0,0,0,0
"Simon _Charbonneau-Campeau",6.04,211,22,2,12,0,0,0,0,0,0
"Simoni_Lawrence",6.01,228,40,0,0,0,0,0,0,5,0
"Simon_Légaré",6.04,275,1,0,0,0,0,0,0,0,0
"Simon_Le Marquand",6.01,199,1,0,0,0,0,0,0,0,0
"SirVincent_Rogers",6.04,319,3,0,0,0,0,0,0,0,0
"S.J._Green",6.02,216,41,22,132,0,0,2,2,0,0
"Skye_Dawson",5.09,180,5,0,0,0,0,2,1,0,0
"Smith_Wright",6.02,220,1,0,0,0,0,0,0,0,0
"Solomon _Elimimian",6,225,41,0,0,0,0,0,0,3,0
"Spencer_Moore",6.04,230,11,0,0,0,0,0,0,7,0
"Spencer_Watt",6,180,28,8,49,0,0,1,1,0,0
"Spencer_Wilson",6.06,303,4,0,0,0,0,0,0,0,0
"Stafford_Gatling",6.04,249,1,0,0,0,0,0,0,0,0
"Stanley_Bryant",6.05,311,4,0,0,0,0,0,0,0,0
"Stefan_Logan",5.06,180,26,5,32,1,0,6,4,0,0
"Stephen_Adekolu",6.04,200,4,0,0,0,0,0,0,0,0
"Stephen_Mawa",6.04,275,2,0,0,0,0,0,0,0,0
"Stephen_McGee",6.03,218,1,0,0,0,0,0,0,0,0
"Stephfon_Green",5.09,200,1,0,0,0,0,0,0,0,0
"Stephon_Morris",5.08,185,1,0,0,0,0,0,0,0,0
"Steve_Morley",6.07,313,2,0,0,0,0,0,0,0,0
"Steve_Myddelton",6.03,305,3,0,0,0,0,0,0,0,0
"Steven_Adu",5.09,190,1,0,0,0,0,0,0,0,0
"Steven_Clarke",5.1,195,5,0,0,0,0,0,0,0,0
"Steven_Doege",6.03,258,4,0,0,0,0,0,0,0,0
"Steven_Lumbala",5.11,220,14,1,6,0,0,0,0,0,0
"Steven_Miller",5.07,172,5,0,0,0,0,1,1,0,0
"Steven _Shott",6.04,210,1,0,5,0,1,0,0,0,0
"Steve_Slaton",5.09,199,14,7,42,0,0,2,2,0,0
"Stuart_Foord",5.11,195,4,0,0,0,0,0,0,0,0
"Sukh_Chungh",6.04,300,1,0,0,0,0,0,0,0,0
"Swayze_Waters",6,185,31,0,302,0,23,0,0,0,0
"Taj_Smith",6.01,198,41,13,78,0,0,2,1,1,0
"Tanner_Marsh",6.04,218,27,11,66,0,0,5,3,0,0
"Taulib_Ikharo",5.1,190,1,0,0,0,0,0,0,0,0
"Tavoy_Moore",5.06,196,8,0,0,0,0,5,3,0,0
"Taylor _Reed",6,235,22,0,0,0,0,0,0,0,0
"Taylor_Renaud",6.02,200,2,0,0,0,0,0,0,0,0
"T-Dre_Player",6.06,275,2,1,6,0,0,0,0,0,0
"Teague _Sherman",5.11,189,31,1,6,0,0,0,0,1,1
"Tearrius_George",6.04,277,36,0,0,0,0,0,0,9,0
"Ted_Laurent",6.01,303,36,0,0,0,0,0,0,0,0
"Telvion_Clark",6.01,235,4,0,0,0,0,0,0,0,0
"Terence_Jeffers-Harris",6.02,213,2,0,0,0,0,0,0,0,0
"Terrance_Lewis",5.08,162,2,0,0,0,0,0,0,0,0
"Terrance_Parks",6.02,218,2,0,0,0,0,0,0,0,0
"Terrell_Maze",5.11,175,42,1,6,0,0,0,0,0,0
"Terrell_Parker",5.11,223,4,0,0,0,0,0,0,0,0
"Terrell_Sinkfield",6,200,20,2,12,0,0,3,2,0,0
"Terrence_Edwards",6.01,185,13,1,6,0,0,0,0,0,0
"Terrence_Moore",6.03,290,10,0,0,0,0,0,0,0,0
"Terrence_Toliver",6.05,203,5,2,12,0,0,1,1,0,0
"Tevaughn_Campbell",6,185,2,0,0,0,0,0,0,0,0
"Thaddeus _Coleman",6.08,320,4,0,0,0,0,0,0,0,0
"Thaddeus_Gibson",6.02,237,8,0,0,0,0,0,0,0,0
"Thomas _DeMarco",5.11,200,29,4,24,0,0,4,3,0,0
"Thomas_Griffiths",6.03,298,1,0,0,0,0,0,0,0,0
"Thomas_Miles",6.01,232,11,0,0,0,0,0,0,0,0
"Tim_Agbaje",6.04,290,1,0,0,0,0,0,0,0,0
"Tim _Brown",5.08,190,30,3,18,0,0,5,1,0,0
"Tim_Cronk",6,248,6,0,0,0,0,1,0,0,0
"Tim_Hawthorne",6.03,218,4,1,6,0,0,0,0,0,0
"Tim_Hutchison",6.05,204,1,0,0,0,0,0,0,0,0
"Tim _Jackson",6.04,290,2,0,0,0,0,0,0,0,0
"Tim_Maypray",5.08,170,2,0,0,0,0,0,0,0,0
"Tim_O'Neill",6.03,305,3,0,0,0,0,0,0,0,0
"Tim_St. Pierre",6,230,15,1,6,0,0,0,0,0,0
"Tino_Sunseri",6.02,215,22,1,6,0,0,6,2,0,0
"Tiquan_Underwood",6.02,185,5,0,0,0,0,0,0,0,0
"T.J._Hill",5.09,195,25,0,0,0,0,0,0,0,0
"T.J._Lee",5.09,190,17,1,6,0,0,1,1,0,0
"Tomas_Silva",6.03,200,1,0,0,0,0,0,0,0,0
"Tommie_Draheim",6.04,300,1,0,0,0,0,0,0,0,0
"Toney_Clemons",6.02,210,2,0,0,0,0,1,0,0,0
"Tony_Burnett",6.01,205,3,0,0,0,0,0,0,0,0
"Tony_Washington",6.07,318,1,0,0,0,0,0,0,0,0
"Tori_Gurley",6.04,230,5,4,24,0,0,0,0,0,0
"Torrance_Hunt",5.07,182,2,1,6,0,0,0,0,0,0
"Torrey_Davis",6.03,298,16,0,0,0,0,0,0,0,0
"Torri_Williams",6.02,208,15,0,0,0,0,0,0,0,0
"Tory_Harrison",6.01,196,2,0,0,0,0,0,0,0,0
"Tracy_Lampley",5.08,173,2,0,0,0,0,0,0,0,0
"Tracy_Robertson",6.04,317,2,0,0,0,0,0,0,0,0
"Travis_Bent",6,240,1,0,0,0,0,0,0,0,0
"Travis_Brown",6.01,236,22,1,6,0,0,0,0,0,0
"Travis_Hawkins",5.09,191,3,0,0,0,0,0,0,0,0
"Travis_Lulay",6.02,216,23,3,18,0,0,8,3,0,0
"Travis _Partridge",6.04,230,9,1,6,0,0,2,1,0,0
"Travon_Patterson",5.09,170,2,1,6,0,0,0,0,0,0
"Trent_Guy",5.09,170,10,3,18,0,0,1,1,0,0
"Trevis_Turner",6.07,333,1,0,0,0,0,0,0,0,0
"Trevor_Guyton",6.03,280,17,0,0,0,0,0,0,0,0
"Trevor_Harris",6.03,212,19,1,6,0,0,2,0,0,0
"Trevor_Kennedy",6,202,2,0,0,0,0,0,0,0,0
"Tristan_Black",6.02,221,21,0,0,0,0,0,0,11,0
"Tristan_Jackson",5.08,185,39,1,6,0,0,5,3,0,0
"Tristan_Okpalaugo",6.05,258,20,0,0,0,0,0,0,0,0
"Troy_Butler",5.11,199,2,0,0,0,0,0,0,0,0
"Troy_Smith",6,224,16,2,14,1,0,5,1,0,0
"Troy_Stoudermire",5.1,199,9,1,6,0,0,0,0,0,0
"Troy_Stoudermire   ",5.1,189,2,0,0,0,0,1,1,0,0
"Tyler_Beiler",6,196,1,0,0,0,0,0,0,0,0
"Tyler_Crapigna",5.07,166,3,0,18,0,0,0,0,0,0
"Tyler_Holmes",6.04,299,5,0,0,0,0,0,0,0,0
"Tyler_Thomas",5.09,205,11,2,12,0,0,4,3,0,0
"Tyree_Hollins",5.09,190,6,0,0,0,0,0,0,0,0
"Tyrell_Sutton",5.08,213,31,8,48,0,0,4,3,0,0
"Tyron _Brackenridge",6,189,46,0,0,0,0,0,0,5,0
"Tyron_Carrier",5.08,170,12,3,18,0,0,2,1,0,0
"Tyson _Pencer",6.07,300,1,0,0,0,0,0,0,0,0
"Vidal_Hazelton",6.03,212,6,1,6,0,0,0,0,0,0
"Vincent_Agnew",5.1,195,20,0,0,0,0,0,0,12,0
"Vincent _Desloges",0,235,1,0,0,0,0,0,0,0,0
"Wallace_Miles",6.01,195,22,5,30,0,0,2,0,0,0
"Wallace_Wright",6.01,201,2,0,0,0,0,0,0,0,0
"Walter_Spencer",5.1,217,4,0,0,0,0,0,0,0,0
"Wayne_Smith",6.02,302,1,0,0,0,0,0,0,0,0
"Weldon_Brown",5.1,185,37,1,6,0,0,0,0,55,1
"Wendell_Brown",5.11,222,2,0,0,0,0,0,0,0,0
"Wesley_Pendleton",5.11,175,2,0,0,0,0,0,0,0,0
"Weston_Dressler",5.07,179,36,18,120,6,0,0,0,0,0
"Whitman_Tomusiak",6.01,190,2,0,0,0,0,0,0,0,0
"Wilkerson _DeSouza",5.11,221,1,0,0,0,0,0,0,0,0
"Will_Davis",6.02,248,3,0,0,0,0,0,0,0,0
"Will_Ford",5.11,195,23,12,72,0,0,2,2,0,0
"William_Langlais",6.03,235,3,0,0,0,0,0,0,0,0
"Willie_Jefferson",6.06,245,23,0,0,0,0,0,0,7,0
"Willie_Moseley",6.05,250,2,0,0,0,0,0,0,0,0
"Winston_Venable",5.11,220,33,1,6,0,0,0,0,59,1
"Woodny_Turenne",6.01,182,13,0,0,0,0,0,0,0,0
"Xavier_Fulton",6.04,300,1,0,0,0,0,0,0,0,0
"Yannick_Carter",6.01,220,14,0,0,0,0,0,0,0,0
"Yannick_Morin-Plante",6,193,2,0,0,0,0,0,0,0,0
"Yaser_Elqutub",6.01,227,1,0,0,0,0,0,0,0,0
"Youssy_Pierre",6,185,2,0,0,0,0,0,0,0,0
"Zach_Anderson",6.03,297,27,0,0,0,0,0,0,0,0
"Zach_Collaros",6,216,41,9,54,0,0,19,8,0,0
"Zach_Minter",6.01,307,1,0,0,0,0,0,0,0,0
"Zackary_Medeiros",5.11,205,3,0,8,0,1,0,0,0,0
"Zack_Evans",6.04,295,21,1,6,0,0,0,0,0,0
"Zander_Robinson",6.05,241,24,3,18,0,0,2,1,0,0
